uf,br,total_acidentes,acidentes_fatais,total_mortos,perc_fatais
RS,116,1317,55,63,4.18
PB,104,169,17,18,10.06
PI,316,448,35,36,7.81
SC,280,880,36,44,4.09
PI,402,24,3,3,12.5
GO,414,161,20,25,12.42
CE,226,7,4,5,57.14
RN,226,177,16,21,9.04
AC,364,220,18,18,8.18
AL,316,177,24,27,13.56
DF,70,285,8,8,2.81
AM,230,24,0,0,0.0
BA,420,28,8,10,28.57
TO,226,9,1,1,11.11
AL,416,13,6,6,46.15
DF,251,59,6,7,10.17
SC,0,10,0,0,0.0
PI,20,1,0,0,0.0
RR,431,1,0,0,0.0
ES,262,382,23,26,6.02
RJ,101,2415,125,138,5.18
CE,222,359,47,51,13.09
RS,290,768,31,40,4.04
GO,153,973,66,91,6.78
PR,277,2157,134,152,6.21
BA,349,52,12,16,23.08
PA,163,261,33,40,12.64
MA,230,119,22,24,18.49
MS,262,285,34,41,11.93
DF,60,121,8,9,6.61
MA,10,221,40,46,18.1
RN,406,127,7,7,5.51
AM,319,36,10,16,27.78
RO,421,23,1,1,4.35
RN,427,40,4,4,10.0
ES,484,1,0,0,0.0
MS,359,6,1,1,16.67
AL,424,15,4,6,26.67
CE,116,707,65,72,9.19
MG,40,1972,123,153,6.24
PE,232,830,99,105,11.93
PB,101,509,27,30,5.3
RO,435,69,8,9,11.59
CE,20,132,15,15,11.36
SP,101,256,6,8,2.34
PE,424,76,15,17,19.74
AP,210,111,9,14,8.11
PA,308,34,10,10,29.41
CE,402,13,5,9,38.46
MG,265,2,0,0,0.0
RJ,485,2,0,0,0.0
MA,0,1,0,0,0.0
TO,230,21,8,9,38.1
TO,10,127,9,10,7.09
MG,50,592,28,28,4.73
ES,393,37,1,1,2.7
GO,452,105,7,9,6.67
MA,222,152,36,46,23.68
GO,60,803,50,52,6.23
BA,135,58,13,20,22.41
ES,259,123,7,9,5.69
RN,405,82,21,21,25.61
CE,230,22,12,13,54.55
SE,0,2,0,0,0.0
TO,242,26,4,4,15.38
PI,235,4,1,1,25.0
BA,30,4,2,2,50.0
SP,488,33,1,1,3.03
ES,0,7,0,0,0.0
MS,0,3,0,0,0.0
MG,116,1412,104,124,7.37
PR,163,373,30,34,8.04
SP,381,651,32,32,4.92
MG,262,1095,90,101,8.22
RS,386,623,48,60,7.7
MG,146,55,3,3,5.45
PE,316,96,19,19,19.79
MS,376,62,5,5,8.06
PE,116,48,5,6,10.42
RS,392,364,20,26,5.49
SC,158,35,1,1,2.86
PI,222,33,10,10,30.3
AM,0,4,0,0,0.0
SC,285,2,0,0,0.0
AM,317,1,1,1,100.0
GO,364,137,12,15,8.76
MS,158,133,15,15,11.28
RJ,356,142,7,8,4.93
SP,153,449,21,25,4.68
PR,373,231,27,39,11.69
PB,412,28,10,10,35.71
PE,408,141,23,24,16.31
MA,316,244,62,72,25.41
RS,471,81,5,5,6.17
RS,448,86,2,2,2.33
RO,174,56,1,1,1.79
RN,110,112,8,8,7.14
RR,401,35,5,8,14.29
CE,0,3,0,0,0.0
MS,487,6,1,2,16.67
MA,402,26,8,11,30.77
PA,153,8,4,4,50.0
BA,367,137,3,5,2.19
BA,330,49,6,6,12.24
RR,432,23,4,5,17.39
RN,0,6,0,0,0.0
PR,469,55,0,0,0.0
CE,122,2,0,0,0.0
TO,0,3,0,0,0.0
RR,0,1,0,0,0.0
PB,405,15,1,1,6.67
PB,230,1191,65,75,5.46
RJ,393,320,25,28,7.81
GO,20,170,21,34,12.35
SC,470,1066,82,101,7.69
RN,304,398,23,25,5.78
PA,230,280,47,55,16.79
PA,10,158,37,39,23.42
CE,304,51,2,3,3.92
PA,158,1,0,0,0.0
PB,361,36,5,6,13.89
RJ,0,23,0,0,0.0
DF,0,6,0,0,0.0
RR,210,1,1,1,100.0
PB,426,1,0,0,0.0
MT,70,589,42,50,7.13
RJ,116,1798,92,95,5.12
ES,101,2084,112,123,5.37
RO,429,28,6,7,21.43
MT,174,205,22,24,10.73
MS,267,145,14,16,9.66
SE,101,346,29,30,8.38
RO,319,128,4,4,3.13
PI,343,742,47,51,6.33
RS,470,322,22,22,6.83
DF,20,348,10,10,2.87
PE,104,203,24,24,11.82
PE,423,144,32,49,22.22
PB,427,12,2,2,16.67
BA,410,26,2,2,7.69
PA,222,37,13,21,35.14
MS,60,157,11,14,7.01
MS,463,60,8,8,13.33
GO,0,12,0,0,0.0
CE,403,6,3,3,50.0
AP,0,1,0,0,0.0
SP,116,3249,143,152,4.4
MG,251,271,35,51,12.92
MG,381,2845,139,158,4.89
RS,287,120,9,10,7.5
PR,376,1700,109,116,6.41
PI,135,111,25,36,22.52
GO,158,41,5,7,12.2
PA,316,271,42,47,15.5
MS,163,781,46,47,5.89
AL,423,39,8,10,20.51
RN,101,705,23,25,3.26
AL,104,130,15,16,11.54
BA,235,76,14,16,18.42
SP,262,7,1,1,14.29
AP,156,57,0,0,0.0
PB,116,11,0,0,0.0
DF,80,68,9,11,13.24
BA,101,956,122,153,12.76
RS,158,255,19,22,7.45
RS,285,408,28,33,6.86
BA,407,127,21,24,16.54
MT,158,119,23,25,19.33
PI,230,88,14,16,15.91
PE,110,15,2,2,13.33
MG,459,125,14,14,11.2
MT,242,1,0,0,0.0
RJ,495,32,0,0,0.0
TO,235,9,1,3,11.11
PE,0,9,0,0,0.0
MG,0,8,0,0,0.0
PR,369,915,60,72,6.56
RO,364,1112,64,78,5.76
PR,153,402,39,43,9.7
PE,428,202,12,13,5.94
SC,116,328,19,23,5.79
SE,235,241,15,21,6.22
MG,354,96,2,2,2.08
GO,70,210,25,28,11.9
MA,226,104,21,24,20.19
PR,272,53,8,12,15.09
GO,251,12,0,0,0.0
RS,0,17,0,0,0.0
PI,0,2,0,0,0.0
AL,110,1,0,0,0.0
MT,0,3,0,0,0.0
SC,101,4222,140,147,3.32
MA,135,390,44,49,11.28
SC,282,1379,82,100,5.95
MG,356,53,3,3,5.66
PR,476,427,43,55,10.07
RS,468,45,5,7,11.11
PR,280,22,2,2,9.09
GO,40,335,23,25,6.87
RS,153,135,6,6,4.44
PR,0,13,0,0,0.0
PR,467,27,1,1,3.7
RN,437,1,0,0,0.0
PE,407,119,9,9,7.56
MT,163,969,60,84,6.19
PE,101,1130,62,68,5.49
MT,364,750,57,60,7.6
BA,110,210,41,50,19.52
MG,365,600,71,87,11.83
RR,174,81,13,14,16.05
RJ,493,369,21,23,5.69
RS,472,104,8,8,7.69
GO,50,159,10,14,6.29
MG,267,130,10,11,7.69
BA,418,37,5,7,13.51
MS,419,11,1,1,9.09
RO,0,4,0,0,0.0
RS,480,7,0,0,0.0
BA,116,1038,110,126,10.6
MG,153,269,23,28,8.55
BA,20,48,9,10,18.75
RS,293,110,10,16,9.09
PR,158,99,9,12,9.09
BA,415,63,2,4,3.17
SC,163,135,4,5,2.96
AC,317,52,11,11,21.15
PR,487,43,4,8,9.3
SC,480,58,3,3,5.17
MA,330,5,3,9,60.0
AC,0,3,0,0,0.0
AC,307,5,0,0,0.0
TO,153,482,60,75,12.45
AM,174,73,8,9,10.96
GO,80,78,8,8,10.26
PA,155,55,7,8,12.73
SP,459,29,1,2,3.45
RO,425,32,2,2,6.25
PA,0,12,0,0,0.0
MS,436,5,0,0,0.0
RJ,354,6,0,0,0.0
ES,447,8,2,2,25.0
SP,0,9,0,0,0.0
PB,0,5,0,0,0.0
PB,110,1,0,0,0.0
BA,430,1,0,0,0.0
PR,116,1113,45,47,4.04
SC,153,71,7,10,9.86
RJ,40,1071,32,34,2.99
BA,324,942,56,63,5.94
DF,40,124,2,2,1.61
AL,101,254,29,31,11.42
BA,242,256,50,69,19.53
RS,101,137,7,7,5.11
RJ,465,250,4,4,1.6
MG,364,45,2,2,4.44
PI,407,37,14,15,37.84
